sensor_id,timestamp,temperature,humidity,location,sensor_type
1049,2025-04-10 18:50:49,23.51,35.78,BuildingB_Floor1,TypeC
1009,2025-04-08 10:53:31,15.03,38.32,BuildingB_Floor1,TypeB
1030,2025-04-11 01:17:03,17.77,57.6,BuildingA_Floor1,TypeC
1080,2025-04-08 07:25:31,31.12,31.54,BuildingA_Floor1,TypeC
1076,2025-04-07 09:12:55,24.01,41.85,BuildingA_Floor1,TypeC
1080,2025-04-10 15:48:02,22.33,54.46,BuildingB_Floor2,TypeB
1045,2025-04-09 09:17:40,24.33,41.06,BuildingB_Floor2,TypeC
1021,2025-04-07 16:44:14,23.81,30.14,BuildingB_Floor1,TypeC
1040,2025-04-11 01:08:58,34.42,40.22,BuildingA_Floor2,TypeA
1037,2025-04-07 18:46:09,24.46,41.77,BuildingB_Floor1,TypeC
1020,2025-04-08 07:12:27,27.37,43.18,BuildingB_Floor2,TypeC
1041,2025-04-10 01:14:01,34.23,66.69,BuildingB_Floor1,TypeA
1009,2025-04-08 01:26:32,29.13,58.5,BuildingA_Floor1,TypeC
1088,2025-04-10 07:36:05,25.7,31.26,BuildingB_Floor2,TypeB
1001,2025-04-11 17:09:46,17.76,65.12,BuildingB_Floor2,TypeB
1046,2025-04-07 17:23:45,32.42,63.99,BuildingA_Floor1,TypeB
1053,2025-04-11 09:37:12,18.87,52.58,BuildingB_Floor2,TypeC
1097,2025-04-10 04:15:15,15.36,63.11,BuildingA_Floor1,TypeB
1087,2025-04-07 22:06:12,31.79,57.52,BuildingA_Floor2,TypeC
1066,2025-04-10 18:26:31,28.61,55.01,BuildingB_Floor2,TypeA
1044,2025-04-10 08:08:26,19.79,50.23,BuildingA_Floor2,TypeC
1092,2025-04-06 22:50:28,17.94,71.36,BuildingB_Floor1,TypeB
1043,2025-04-07 11:38:08,16.16,55.05,BuildingB_Floor2,TypeC
1013,2025-04-11 21:06:16,18.89,32.17,BuildingA_Floor2,TypeC
1094,2025-04-07 18:23:43,21.63,64.94,BuildingA_Floor2,TypeA
1036,2025-04-08 17:50:28,27.85,62.19,BuildingA_Floor2,TypeB
1011,2025-04-08 12:11:16,31.48,41.2,BuildingB_Floor1,TypeB
1068,2025-04-08 12:07:56,21.39,42.85,BuildingA_Floor2,TypeA
1017,2025-04-08 02:30:20,34.25,73.5,BuildingB_Floor1,TypeB
1028,2025-04-09 01:06:32,29.82,53.29,BuildingB_Floor1,TypeB
1006,2025-04-07 03:48:21,25.76,54.79,BuildingB_Floor2,TypeA
1057,2025-04-11 04:08:47,30.4,59.76,BuildingA_Floor1,TypeA
1058,2025-04-11 14:17:47,15.22,45.7,BuildingB_Floor1,TypeC
1002,2025-04-09 08:06:16,23.23,32.37,BuildingA_Floor1,TypeB
1070,2025-04-09 08:06:55,31.24,59.67,BuildingB_Floor1,TypeB
1016,2025-04-11 18:29:07,34.76,48.32,BuildingA_Floor1,TypeC
1053,2025-04-08 07:11:56,24.66,76.55,BuildingB_Floor2,TypeC
1096,2025-04-07 06:52:13,17.23,78.29,BuildingB_Floor2,TypeB
1039,2025-04-11 19:03:35,22.93,66.14,BuildingA_Floor1,TypeC
1070,2025-04-09 14:43:52,26.8,42.58,BuildingA_Floor2,TypeB
1015,2025-04-09 07:51:43,17.66,50.63,BuildingA_Floor2,TypeA
1025,2025-04-10 07:05:08,19.64,48.08,BuildingB_Floor2,TypeC
1049,2025-04-07 14:01:11,16.32,79.22,BuildingA_Floor1,TypeC
1042,2025-04-09 15:07:39,17.49,60.09,BuildingB_Floor1,TypeB
1044,2025-04-10 22:53:47,30.79,52.59,BuildingB_Floor1,TypeA
1004,2025-04-10 23:17:00,24.88,33.97,BuildingB_Floor2,TypeA
1016,2025-04-07 18:17:40,34.61,57.61,BuildingB_Floor1,TypeB
1053,2025-04-11 06:05:47,34.91,31.05,BuildingA_Floor2,TypeA
1092,2025-04-09 15:22:32,34.29,34.25,BuildingB_Floor1,TypeB
1059,2025-04-09 01:53:20,17.04,46.42,BuildingA_Floor1,TypeC
1028,2025-04-10 13:16:31,18.36,45.52,BuildingA_Floor1,TypeB
1037,2025-04-07 21:30:17,30.81,65.31,BuildingB_Floor1,TypeC
1004,2025-04-09 15:59:24,33.75,42.48,BuildingB_Floor1,TypeB
1042,2025-04-10 12:31:56,15.42,46.35,BuildingB_Floor2,TypeC
1071,2025-04-07 20:44:45,15.22,52.84,BuildingB_Floor2,TypeB
1036,2025-04-10 19:59:43,27.71,31.37,BuildingB_Floor1,TypeC
1056,2025-04-10 13:40:24,15.21,47.61,BuildingA_Floor2,TypeA
1024,2025-04-09 08:48:28,22.66,42.03,BuildingB_Floor1,TypeC
1092,2025-04-08 04:06:07,18.48,52.01,BuildingB_Floor2,TypeC
1060,2025-04-11 09:54:04,23.49,64.58,BuildingB_Floor2,TypeA
1029,2025-04-09 19:26:35,22.19,77.69,BuildingA_Floor1,TypeC
1070,2025-04-09 12:46:18,26.37,61.5,BuildingB_Floor2,TypeB
1005,2025-04-10 12:51:55,26.13,57.31,BuildingB_Floor1,TypeB
1078,2025-04-11 17:04:38,29.59,76.8,BuildingA_Floor2,TypeA
1013,2025-04-07 01:13:03,33.73,78.52,BuildingA_Floor2,TypeC
1000,2025-04-08 07:06:18,30.56,62.83,BuildingB_Floor1,TypeB
1001,2025-04-11 13:58:17,23.38,63.86,BuildingB_Floor1,TypeB
1038,2025-04-11 09:10:12,27.3,59.69,BuildingB_Floor1,TypeC
1005,2025-04-11 19:49:31,33.68,46.83,BuildingB_Floor1,TypeB
1095,2025-04-08 23:44:41,29.57,57.66,BuildingA_Floor1,TypeB
1079,2025-04-08 14:42:42,15.55,62.37,BuildingB_Floor1,TypeA
1041,2025-04-11 03:34:41,30.57,40.96,BuildingA_Floor2,TypeC
1060,2025-04-07 17:35:59,17.39,50.2,BuildingA_Floor2,TypeC
1076,2025-04-11 18:47:32,22.96,64.87,BuildingA_Floor1,TypeB
1097,2025-04-09 02:33:51,20.7,44.52,BuildingB_Floor2,TypeA
1096,2025-04-08 18:07:31,23.84,47.97,BuildingA_Floor1,TypeB
1063,2025-04-10 05:46:44,28.62,32.05,BuildingB_Floor1,TypeB
1019,2025-04-11 18:11:32,25.74,71.13,BuildingA_Floor1,TypeB
1092,2025-04-11 12:49:52,31.05,63.26,BuildingB_Floor2,TypeC
1064,2025-04-11 06:54:05,21.56,45.32,BuildingB_Floor2,TypeC
1025,2025-04-08 06:24:28,25.39,54.76,BuildingA_Floor1,TypeC
1029,2025-04-08 21:25:28,15.16,78.75,BuildingB_Floor1,TypeC
1097,2025-04-10 00:46:15,30.24,58.18,BuildingA_Floor1,TypeA
1064,2025-04-07 06:41:10,20.55,42.17,BuildingA_Floor1,TypeA
1065,2025-04-10 18:00:13,24.98,34.78,BuildingB_Floor1,TypeB
1017,2025-04-09 10:59:31,29.54,34.61,BuildingA_Floor1,TypeC
1056,2025-04-10 00:32:35,20.05,79.63,BuildingA_Floor1,TypeC
1012,2025-04-08 00:17:07,17.74,51.39,BuildingB_Floor1,TypeC
1019,2025-04-11 16:39:48,30.24,68.34,BuildingB_Floor1,TypeB
1083,2025-04-11 08:48:01,27.76,43.25,BuildingB_Floor2,TypeB
1044,2025-04-11 20:55:42,32.23,56.12,BuildingB_Floor1,TypeB
1064,2025-04-07 22:45:15,32.67,45.49,BuildingA_Floor2,TypeB
1056,2025-04-11 02:31:10,24.52,40.47,BuildingA_Floor2,TypeB
1040,2025-04-10 23:00:20,27.69,71.73,BuildingA_Floor1,TypeA
1054,2025-04-08 09:06:51,19.87,62.23,BuildingB_Floor1,TypeB
1058,2025-04-06 23:36:37,20.92,69.75,BuildingA_Floor1,TypeC
1002,2025-04-11 18:55:08,34.09,75.97,BuildingB_Floor1,TypeA
1006,2025-04-08 04:51:55,20.34,79.25,BuildingB_Floor1,TypeA
1037,2025-04-08 16:36:03,34.52,77.67,BuildingB_Floor1,TypeB
1078,2025-04-11 18:57:44,23.23,76.1,BuildingA_Floor2,TypeB
1095,2025-04-08 18:34:27,28.61,46.64,BuildingA_Floor2,TypeC
1087,2025-04-08 13:27:15,34.3,54.78,BuildingB_Floor2,TypeB
1097,2025-04-11 12:43:54,18.02,62.16,BuildingA_Floor1,TypeA
1015,2025-04-10 03:51:45,23.15,33.61,BuildingA_Floor2,TypeB
1000,2025-04-10 21:56:22,33.69,56.73,BuildingA_Floor2,TypeA
1031,2025-04-07 10:35:16,26.73,60.51,BuildingB_Floor1,TypeA
1002,2025-04-11 13:30:11,23.89,43.55,BuildingB_Floor2,TypeC
1075,2025-04-08 11:16:13,31.26,38.37,BuildingA_Floor1,TypeA
1073,2025-04-08 02:46:13,17.91,57.15,BuildingB_Floor1,TypeB
1022,2025-04-09 06:39:31,24.25,37.94,BuildingB_Floor2,TypeA
1014,2025-04-10 19:10:08,18.27,35.14,BuildingB_Floor1,TypeC
1023,2025-04-08 23:57:49,22.86,61.9,BuildingA_Floor2,TypeC
1067,2025-04-10 00:10:23,25.23,49.08,BuildingB_Floor2,TypeC
1067,2025-04-07 19:38:21,19.57,65.12,BuildingA_Floor1,TypeC
1094,2025-04-07 13:05:07,33.91,64.34,BuildingA_Floor2,TypeB
1088,2025-04-09 12:42:45,15.57,71.49,BuildingB_Floor2,TypeC
1090,2025-04-10 23:46:11,30.87,50.53,BuildingB_Floor2,TypeA
1066,2025-04-08 22:59:27,33.65,73.58,BuildingB_Floor2,TypeA
1065,2025-04-07 23:35:17,26.63,58.7,BuildingA_Floor2,TypeC
1059,2025-04-08 21:29:53,29.65,41.92,BuildingA_Floor2,TypeB
1004,2025-04-10 06:54:21,27.35,52.31,BuildingB_Floor1,TypeC
1057,2025-04-09 19:57:11,30.26,65.68,BuildingB_Floor2,TypeB
1062,2025-04-09 09:25:43,26.57,77.13,BuildingA_Floor1,TypeA
1046,2025-04-11 19:25:48,18.91,79.74,BuildingA_Floor2,TypeA
1067,2025-04-07 00:11:24,31.82,71.68,BuildingA_Floor1,TypeA
1071,2025-04-10 17:54:06,30.49,57.68,BuildingB_Floor1,TypeB
1092,2025-04-07 15:46:13,19.5,37.11,BuildingB_Floor2,TypeC
1031,2025-04-10 21:55:08,22.3,38.03,BuildingA_Floor2,TypeB
1017,2025-04-09 17:34:25,26.5,69.4,BuildingA_Floor1,TypeB
1018,2025-04-08 02:40:44,19.99,49.18,BuildingB_Floor2,TypeC
1003,2025-04-08 13:01:46,18.67,48.45,BuildingA_Floor1,TypeC
1061,2025-04-11 15:13:18,16.87,48.72,BuildingB_Floor2,TypeA
1039,2025-04-08 16:35:27,24.68,62.37,BuildingA_Floor1,TypeB
1008,2025-04-09 02:29:27,34.41,43.03,BuildingA_Floor1,TypeA
1041,2025-04-08 22:58:04,34.3,65.14,BuildingA_Floor1,TypeC
1038,2025-04-08 06:39:56,33.33,51.73,BuildingB_Floor1,TypeB
1062,2025-04-10 20:13:29,22.54,54.08,BuildingB_Floor1,TypeC
1033,2025-04-09 17:57:08,21.46,36.97,BuildingA_Floor1,TypeC
1091,2025-04-09 21:04:19,19.08,69.35,BuildingA_Floor1,TypeB
1012,2025-04-07 10:46:41,21.54,75.31,BuildingB_Floor1,TypeA
1070,2025-04-07 10:45:29,19.46,54.29,BuildingA_Floor1,TypeA
1089,2025-04-07 01:19:13,21.64,64.54,BuildingB_Floor2,TypeB
1027,2025-04-09 20:22:37,34.08,36.04,BuildingB_Floor1,TypeB
1014,2025-04-08 09:21:13,30.12,76.99,BuildingB_Floor1,TypeB
1046,2025-04-09 21:31:12,29.08,75.4,BuildingB_Floor2,TypeB
1034,2025-04-08 15:14:49,25.59,53.92,BuildingB_Floor1,TypeB
1075,2025-04-10 18:39:50,24.55,71.72,BuildingA_Floor1,TypeB
1040,2025-04-08 13:39:42,16.9,53.04,BuildingB_Floor2,TypeC
1000,2025-04-10 21:51:32,23.45,63.16,BuildingA_Floor1,TypeA
1002,2025-04-09 11:47:04,15.97,77.49,BuildingA_Floor2,TypeA
1009,2025-04-08 13:06:58,33.84,64.67,BuildingA_Floor1,TypeC
1083,2025-04-07 08:22:35,20.92,46.01,BuildingB_Floor1,TypeA
1090,2025-04-08 17:12:46,34.53,68.62,BuildingA_Floor2,TypeA
1003,2025-04-07 11:39:42,27.92,39.72,BuildingB_Floor1,TypeB
1017,2025-04-11 04:55:56,17.43,39.88,BuildingA_Floor1,TypeA
1035,2025-04-08 15:59:38,30.11,77.41,BuildingA_Floor2,TypeB
1017,2025-04-07 00:46:38,32.89,38.14,BuildingB_Floor1,TypeA
1075,2025-04-09 11:27:58,30.1,40.65,BuildingB_Floor2,TypeC
1067,2025-04-08 16:59:07,27.6,51.18,BuildingA_Floor2,TypeB
1050,2025-04-10 19:02:47,22.94,67.74,BuildingA_Floor2,TypeC
1076,2025-04-10 21:47:03,27.57,33.92,BuildingA_Floor2,TypeC
1066,2025-04-08 03:56:34,18.64,63.65,BuildingB_Floor1,TypeA
1080,2025-04-08 14:41:06,29.89,44.01,BuildingA_Floor1,TypeB
1048,2025-04-07 08:30:06,26.76,44.9,BuildingB_Floor2,TypeB
1076,2025-04-09 05:09:13,16.7,79.96,BuildingB_Floor1,TypeC
1074,2025-04-07 07:44:40,30.22,54.03,BuildingB_Floor2,TypeB
1095,2025-04-09 18:19:49,32.65,63.89,BuildingA_Floor1,TypeC
1088,2025-04-09 09:46:08,16.95,66.74,BuildingA_Floor1,TypeC
1076,2025-04-10 15:49:08,31.85,76.6,BuildingB_Floor2,TypeB
1037,2025-04-07 13:30:50,21.59,70.29,BuildingB_Floor2,TypeB
1054,2025-04-07 06:48:29,20.86,37.75,BuildingA_Floor1,TypeA
1024,2025-04-10 03:50:55,23.1,67.9,BuildingB_Floor1,TypeB
1009,2025-04-07 21:29:34,26.77,47.56,BuildingB_Floor2,TypeA
1052,2025-04-08 08:16:53,25.29,40.81,BuildingB_Floor1,TypeB
1028,2025-04-11 06:34:56,29.05,65.53,BuildingB_Floor1,TypeC
1076,2025-04-09 12:09:13,16.0,47.13,BuildingB_Floor2,TypeB
1065,2025-04-11 08:41:17,29.17,60.21,BuildingB_Floor2,TypeC
1048,2025-04-08 19:25:17,31.98,78.29,BuildingB_Floor2,TypeB
1020,2025-04-08 02:13:48,24.14,75.58,BuildingB_Floor1,TypeA
1077,2025-04-07 19:41:06,20.41,36.45,BuildingB_Floor1,TypeA
1069,2025-04-07 12:33:24,32.03,53.91,BuildingB_Floor2,TypeA
1012,2025-04-07 14:06:04,33.84,60.18,BuildingA_Floor2,TypeB
1001,2025-04-07 04:51:39,28.13,58.16,BuildingA_Floor2,TypeB
1002,2025-04-09 09:25:23,18.2,73.7,BuildingB_Floor1,TypeB
1063,2025-04-09 16:21:34,29.56,58.88,BuildingB_Floor2,TypeB
1018,2025-04-09 21:41:19,28.13,32.1,BuildingB_Floor2,TypeB
1089,2025-04-07 17:29:54,28.64,69.39,BuildingB_Floor1,TypeA
1067,2025-04-09 23:09:24,29.39,59.25,BuildingB_Floor1,TypeC
1020,2025-04-08 17:24:42,24.11,70.59,BuildingA_Floor2,TypeB
1098,2025-04-07 01:15:37,29.93,55.75,BuildingA_Floor1,TypeA
1005,2025-04-10 03:41:45,28.89,48.71,BuildingA_Floor1,TypeC
1024,2025-04-10 20:32:44,18.03,30.73,BuildingA_Floor2,TypeB
1075,2025-04-09 18:27:50,19.66,32.84,BuildingB_Floor2,TypeA
1075,2025-04-07 20:29:40,21.56,54.33,BuildingA_Floor2,TypeA
1001,2025-04-11 01:34:47,28.28,65.45,BuildingB_Floor1,TypeC
1065,2025-04-10 13:44:00,15.64,46.86,BuildingA_Floor1,TypeB
1018,2025-04-10 04:04:39,21.45,54.08,BuildingA_Floor2,TypeC
1056,2025-04-11 06:28:09,26.22,63.43,BuildingA_Floor2,TypeC
1050,2025-04-08 18:32:02,27.75,73.24,BuildingA_Floor2,TypeA
1019,2025-04-08 18:57:56,26.16,48.7,BuildingB_Floor1,TypeA
1059,2025-04-09 11:06:25,24.8,48.15,BuildingB_Floor2,TypeC
1003,2025-04-07 05:20:32,15.68,72.37,BuildingA_Floor1,TypeB
1071,2025-04-08 16:08:27,25.47,75.63,BuildingA_Floor2,TypeC
1058,2025-04-07 12:36:29,29.56,49.86,BuildingA_Floor2,TypeB
1044,2025-04-11 03:08:01,26.2,55.96,BuildingB_Floor1,TypeC
1013,2025-04-11 07:07:43,16.71,34.2,BuildingB_Floor2,TypeB
1087,2025-04-10 17:59:49,33.38,43.24,BuildingA_Floor2,TypeB
1013,2025-04-08 12:56:17,29.74,57.92,BuildingA_Floor1,TypeB
1060,2025-04-11 14:12:11,20.94,75.29,BuildingA_Floor2,TypeC
1071,2025-04-11 10:29:09,30.69,35.45,BuildingB_Floor2,TypeA
1029,2025-04-09 06:05:18,31.77,46.18,BuildingB_Floor2,TypeA
1011,2025-04-07 07:48:53,22.82,46.46,BuildingB_Floor1,TypeA
1097,2025-04-08 10:40:04,34.76,66.2,BuildingA_Floor2,TypeB
1056,2025-04-09 14:03:45,16.58,60.26,BuildingA_Floor1,TypeB
1027,2025-04-08 12:13:57,28.2,72.82,BuildingA_Floor2,TypeB
1018,2025-04-07 03:10:29,22.1,67.79,BuildingA_Floor1,TypeC
1053,2025-04-07 09:35:15,23.98,38.6,BuildingB_Floor1,TypeA
1001,2025-04-07 00:16:31,17.54,67.19,BuildingB_Floor2,TypeC
1004,2025-04-11 00:37:10,28.76,34.72,BuildingA_Floor2,TypeC
1007,2025-04-11 10:54:13,19.86,79.45,BuildingA_Floor2,TypeC
1067,2025-04-10 12:20:00,32.17,68.78,BuildingB_Floor2,TypeA
1059,2025-04-11 05:28:04,24.3,46.43,BuildingB_Floor1,TypeB
1005,2025-04-10 09:24:42,21.07,41.89,BuildingA_Floor2,TypeA
1021,2025-04-07 06:52:05,18.17,65.76,BuildingB_Floor2,TypeA
1019,2025-04-09 07:18:59,28.08,43.91,BuildingB_Floor1,TypeB
1089,2025-04-09 19:50:16,28.84,79.92,BuildingB_Floor1,TypeA
1019,2025-04-10 05:06:53,27.87,39.65,BuildingB_Floor2,TypeC
1009,2025-04-10 11:39:15,21.14,43.56,BuildingB_Floor1,TypeB
1092,2025-04-10 15:37:10,17.6,73.37,BuildingA_Floor1,TypeB
1026,2025-04-07 14:47:18,30.99,52.14,BuildingA_Floor2,TypeB
1035,2025-04-08 10:05:58,28.01,31.5,BuildingA_Floor1,TypeB
1029,2025-04-07 11:45:53,23.41,50.0,BuildingA_Floor2,TypeB
1061,2025-04-07 03:00:09,32.09,42.26,BuildingB_Floor1,TypeA
1098,2025-04-08 18:13:36,16.54,44.23,BuildingA_Floor1,TypeA
1094,2025-04-11 11:40:45,16.41,59.16,BuildingA_Floor2,TypeC
1052,2025-04-09 08:25:51,34.12,58.05,BuildingA_Floor2,TypeC
1011,2025-04-09 23:13:02,26.1,71.49,BuildingA_Floor2,TypeA
1090,2025-04-08 14:54:03,18.62,64.72,BuildingB_Floor2,TypeA
1049,2025-04-07 06:06:54,30.59,60.86,BuildingA_Floor1,TypeA
1097,2025-04-11 18:53:03,34.85,32.07,BuildingB_Floor1,TypeC
1047,2025-04-09 13:19:49,23.03,31.71,BuildingA_Floor2,TypeC
1023,2025-04-09 04:56:18,26.16,59.72,BuildingA_Floor2,TypeC
1058,2025-04-10 00:33:01,20.11,36.8,BuildingB_Floor2,TypeB
1026,2025-04-08 16:33:18,17.94,31.35,BuildingB_Floor1,TypeC
1002,2025-04-08 01:43:38,31.97,72.78,BuildingB_Floor1,TypeA
1093,2025-04-07 15:10:07,20.61,30.93,BuildingB_Floor1,TypeC
1074,2025-04-08 14:47:11,24.27,70.77,BuildingA_Floor2,TypeB
1058,2025-04-09 08:24:44,18.14,77.22,BuildingA_Floor2,TypeC
1084,2025-04-07 00:58:57,26.28,42.18,BuildingB_Floor2,TypeB
1020,2025-04-08 03:00:11,16.58,69.57,BuildingB_Floor2,TypeA
1015,2025-04-08 12:55:34,21.99,43.96,BuildingA_Floor2,TypeB
1076,2025-04-11 01:34:29,33.44,41.67,BuildingA_Floor2,TypeC
1085,2025-04-09 18:41:50,17.96,43.45,BuildingA_Floor1,TypeB
1089,2025-04-07 02:38:23,31.88,79.0,BuildingA_Floor2,TypeA
1061,2025-04-07 18:53:42,15.49,61.95,BuildingB_Floor1,TypeC
1064,2025-04-08 13:53:04,22.26,35.09,BuildingA_Floor1,TypeB
1062,2025-04-08 11:33:37,27.87,62.93,BuildingA_Floor1,TypeB
1009,2025-04-07 07:07:50,26.59,71.13,BuildingB_Floor1,TypeB
1051,2025-04-10 04:49:41,34.4,71.08,BuildingB_Floor1,TypeA
1041,2025-04-10 07:28:38,23.43,62.35,BuildingB_Floor1,TypeB
1026,2025-04-09 05:18:33,19.58,43.76,BuildingA_Floor1,TypeC
1011,2025-04-07 06:19:00,19.67,74.01,BuildingB_Floor2,TypeC
1028,2025-04-07 19:09:19,23.37,42.9,BuildingB_Floor1,TypeC
1059,2025-04-10 12:36:56,16.34,61.16,BuildingB_Floor2,TypeC
1065,2025-04-08 22:46:35,18.34,45.48,BuildingB_Floor1,TypeB
1042,2025-04-11 09:55:32,20.21,52.82,BuildingA_Floor2,TypeB
1039,2025-04-09 15:22:55,33.18,51.66,BuildingB_Floor2,TypeB
1038,2025-04-10 10:40:27,23.96,72.51,BuildingB_Floor1,TypeB
1082,2025-04-08 16:44:54,32.21,36.2,BuildingA_Floor2,TypeB
1031,2025-04-07 10:59:34,33.1,36.33,BuildingA_Floor1,TypeB
1061,2025-04-08 22:21:38,22.69,61.96,BuildingA_Floor1,TypeA
1020,2025-04-07 10:22:12,20.74,79.35,BuildingB_Floor1,TypeA
1007,2025-04-11 12:17:08,16.64,47.79,BuildingB_Floor2,TypeB
1080,2025-04-08 07:35:57,34.45,38.51,BuildingB_Floor2,TypeA
1065,2025-04-08 07:34:52,30.61,75.15,BuildingA_Floor2,TypeB
1032,2025-04-09 07:10:31,29.52,40.76,BuildingB_Floor2,TypeA
1004,2025-04-08 05:50:06,28.8,35.41,BuildingB_Floor1,TypeA
1073,2025-04-07 16:59:52,24.23,78.91,BuildingA_Floor2,TypeC
1063,2025-04-11 07:17:08,25.45,67.1,BuildingA_Floor1,TypeC
1013,2025-04-08 11:59:38,16.16,53.58,BuildingA_Floor2,TypeB
1020,2025-04-08 18:20:54,34.71,50.3,BuildingB_Floor1,TypeA
1046,2025-04-08 03:09:15,31.18,51.18,BuildingA_Floor2,TypeC
1041,2025-04-09 21:42:58,23.46,34.75,BuildingA_Floor1,TypeB
1043,2025-04-11 00:29:27,34.6,77.82,BuildingB_Floor1,TypeC
1026,2025-04-08 00:51:52,25.95,50.87,BuildingB_Floor1,TypeC
1028,2025-04-08 05:26:54,25.03,71.13,BuildingA_Floor2,TypeC
1063,2025-04-10 04:05:48,34.72,66.92,BuildingA_Floor1,TypeB
1039,2025-04-11 01:10:24,24.32,74.55,BuildingB_Floor2,TypeC
1000,2025-04-11 06:10:34,19.81,59.55,BuildingB_Floor2,TypeC
1003,2025-04-07 01:26:20,23.86,50.71,BuildingA_Floor1,TypeA
1055,2025-04-07 11:19:29,30.26,56.36,BuildingB_Floor1,TypeA
1096,2025-04-08 02:02:00,17.83,33.38,BuildingA_Floor2,TypeA
1076,2025-04-10 18:34:59,18.5,69.25,BuildingB_Floor2,TypeA
1087,2025-04-08 16:00:35,21.04,40.19,BuildingB_Floor1,TypeB
1015,2025-04-08 09:20:52,19.56,61.32,BuildingB_Floor2,TypeB
1052,2025-04-07 19:19:03,34.41,79.24,BuildingA_Floor1,TypeA
1008,2025-04-11 08:25:37,17.37,39.02,BuildingB_Floor2,TypeC
1055,2025-04-09 10:13:31,20.32,66.28,BuildingB_Floor1,TypeC
1083,2025-04-11 04:29:10,26.09,52.6,BuildingA_Floor1,TypeB
1044,2025-04-07 19:19:46,26.86,35.03,BuildingB_Floor2,TypeB
1083,2025-04-10 11:52:04,29.93,50.89,BuildingB_Floor2,TypeB
1091,2025-04-10 19:31:38,21.5,46.38,BuildingB_Floor2,TypeC
1073,2025-04-07 05:01:43,17.2,48.35,BuildingA_Floor1,TypeB
1050,2025-04-10 16:55:03,27.11,63.19,BuildingA_Floor2,TypeA
1088,2025-04-08 06:13:35,32.09,67.74,BuildingA_Floor1,TypeB
1001,2025-04-09 06:53:03,34.33,56.68,BuildingB_Floor2,TypeA
1066,2025-04-10 21:57:47,32.66,72.04,BuildingA_Floor1,TypeA
1062,2025-04-11 10:32:40,22.64,66.63,BuildingB_Floor2,TypeB
1053,2025-04-07 17:29:30,31.08,35.84,BuildingB_Floor1,TypeA
1017,2025-04-09 19:51:25,22.62,66.35,BuildingA_Floor2,TypeC
1093,2025-04-08 12:00:01,20.28,69.9,BuildingA_Floor2,TypeA
1086,2025-04-08 18:36:00,26.31,59.3,BuildingB_Floor2,TypeB
1044,2025-04-09 10:33:39,30.24,30.33,BuildingA_Floor2,TypeB
1069,2025-04-09 14:04:49,33.13,38.87,BuildingB_Floor1,TypeA
1097,2025-04-10 01:04:10,17.63,54.9,BuildingB_Floor2,TypeA
1014,2025-04-07 12:36:49,17.58,73.01,BuildingA_Floor2,TypeA
1042,2025-04-08 08:00:44,19.84,70.56,BuildingA_Floor2,TypeA
1061,2025-04-10 17:34:56,15.43,58.46,BuildingA_Floor1,TypeB
1004,2025-04-09 14:52:12,26.51,49.72,BuildingA_Floor1,TypeC
1043,2025-04-10 16:51:19,16.93,63.59,BuildingA_Floor1,TypeA
1074,2025-04-08 06:58:39,23.45,74.99,BuildingB_Floor2,TypeA
1032,2025-04-07 05:55:44,16.96,76.81,BuildingB_Floor1,TypeC
1055,2025-04-07 05:07:30,25.47,69.74,BuildingB_Floor1,TypeB
1009,2025-04-07 02:59:26,33.57,55.25,BuildingA_Floor1,TypeA
1021,2025-04-11 13:52:52,17.8,50.85,BuildingA_Floor2,TypeB
1031,2025-04-09 14:38:46,33.95,72.59,BuildingB_Floor2,TypeB
1086,2025-04-09 09:53:29,26.75,40.09,BuildingA_Floor1,TypeC
1048,2025-04-11 00:07:39,22.11,56.1,BuildingA_Floor2,TypeC
1067,2025-04-11 18:17:04,30.69,40.22,BuildingB_Floor1,TypeC
1100,2025-04-11 14:42:15,20.9,73.42,BuildingA_Floor2,TypeA
1030,2025-04-11 20:41:41,34.68,66.78,BuildingA_Floor1,TypeB
1026,2025-04-08 18:10:04,15.59,54.62,BuildingA_Floor2,TypeC
1013,2025-04-09 20:03:15,20.56,38.33,BuildingB_Floor1,TypeA
1074,2025-04-09 11:26:47,17.73,51.26,BuildingA_Floor1,TypeA
1072,2025-04-09 04:02:19,19.47,37.12,BuildingB_Floor2,TypeC
1013,2025-04-09 03:50:45,22.29,46.98,BuildingA_Floor2,TypeB
1008,2025-04-08 00:26:32,21.14,42.45,BuildingB_Floor1,TypeC
1026,2025-04-08 04:14:00,18.58,48.19,BuildingB_Floor2,TypeA
1100,2025-04-08 10:18:04,20.01,47.59,BuildingA_Floor2,TypeC
1066,2025-04-11 09:39:23,20.59,75.63,BuildingA_Floor2,TypeB
1091,2025-04-08 16:21:10,19.43,49.62,BuildingB_Floor2,TypeB
1033,2025-04-08 21:04:02,20.33,70.47,BuildingB_Floor1,TypeC
1044,2025-04-09 15:57:02,33.67,79.21,BuildingB_Floor1,TypeB
1069,2025-04-08 17:26:55,15.7,52.11,BuildingB_Floor1,TypeA
1076,2025-04-10 00:07:12,27.66,66.56,BuildingB_Floor1,TypeA
1043,2025-04-10 12:23:05,25.0,77.54,BuildingB_Floor2,TypeB
1097,2025-04-09 12:50:12,16.74,61.65,BuildingB_Floor1,TypeB
1029,2025-04-10 00:54:24,18.14,52.23,BuildingA_Floor1,TypeB
1027,2025-04-11 13:57:55,25.67,73.12,BuildingB_Floor2,TypeB
1053,2025-04-09 15:59:29,25.16,39.57,BuildingB_Floor2,TypeB
1046,2025-04-08 02:27:43,24.67,37.6,BuildingA_Floor1,TypeA
1051,2025-04-11 10:36:22,18.95,34.96,BuildingB_Floor2,TypeC
1058,2025-04-08 20:33:02,20.74,67.42,BuildingB_Floor2,TypeB
1024,2025-04-11 05:27:43,16.61,71.67,BuildingA_Floor1,TypeB
1046,2025-04-10 22:51:46,31.63,57.2,BuildingA_Floor2,TypeA
1066,2025-04-09 10:58:52,30.65,47.55,BuildingA_Floor2,TypeC
1095,2025-04-09 05:28:18,16.43,78.63,BuildingA_Floor2,TypeC
1007,2025-04-07 22:28:22,19.47,45.14,BuildingB_Floor1,TypeA
1092,2025-04-10 12:39:55,22.21,62.72,BuildingA_Floor1,TypeA
1045,2025-04-08 08:20:23,16.78,72.83,BuildingB_Floor1,TypeC
1051,2025-04-09 23:26:02,30.1,74.49,BuildingB_Floor1,TypeC
1030,2025-04-08 19:43:36,24.72,79.08,BuildingA_Floor1,TypeB
1021,2025-04-08 20:45:58,24.38,48.99,BuildingB_Floor1,TypeC
1092,2025-04-07 08:08:52,31.98,73.63,BuildingB_Floor1,TypeC
1029,2025-04-08 04:43:22,16.82,64.8,BuildingA_Floor2,TypeC
1076,2025-04-07 23:55:57,20.79,30.54,BuildingA_Floor1,TypeC
1021,2025-04-11 19:22:29,27.65,64.38,BuildingA_Floor1,TypeB
1093,2025-04-10 09:04:21,25.83,66.62,BuildingB_Floor1,TypeC
1046,2025-04-08 18:59:28,26.15,73.36,BuildingB_Floor1,TypeC
1089,2025-04-09 21:15:36,31.39,78.24,BuildingB_Floor1,TypeC
1065,2025-04-07 16:04:22,27.26,74.46,BuildingA_Floor2,TypeA
1063,2025-04-11 11:44:46,22.45,63.53,BuildingB_Floor1,TypeB
1047,2025-04-07 10:14:03,29.41,71.64,BuildingB_Floor2,TypeB
1031,2025-04-11 18:57:00,18.28,36.46,BuildingA_Floor1,TypeC
1009,2025-04-11 01:02:37,25.02,34.0,BuildingB_Floor2,TypeA
1048,2025-04-10 02:52:59,31.25,57.45,BuildingB_Floor2,TypeB
1076,2025-04-11 00:34:06,25.12,56.64,BuildingB_Floor1,TypeC
1087,2025-04-07 09:41:06,19.21,69.45,BuildingB_Floor1,TypeC
1049,2025-04-11 14:06:26,23.18,59.78,BuildingA_Floor2,TypeA
1058,2025-04-07 04:27:43,17.44,72.88,BuildingB_Floor1,TypeA
1084,2025-04-09 06:29:22,29.67,31.02,BuildingA_Floor2,TypeC
1056,2025-04-10 15:18:17,21.7,56.85,BuildingB_Floor2,TypeA
1027,2025-04-09 14:02:33,15.92,78.11,BuildingB_Floor2,TypeA
1007,2025-04-10 11:04:17,29.03,74.25,BuildingB_Floor1,TypeC
1042,2025-04-07 11:48:30,17.54,41.44,BuildingA_Floor1,TypeA
1071,2025-04-10 15:05:07,24.73,33.01,BuildingB_Floor1,TypeA
1020,2025-04-08 18:08:29,23.5,66.22,BuildingA_Floor1,TypeA
1084,2025-04-07 04:31:33,27.23,76.27,BuildingB_Floor2,TypeA
1048,2025-04-08 01:07:01,24.79,32.13,BuildingA_Floor2,TypeC
1037,2025-04-10 15:06:50,16.36,57.81,BuildingB_Floor1,TypeB
1080,2025-04-11 04:38:14,34.57,37.05,BuildingA_Floor1,TypeC
1095,2025-04-06 23:49:06,33.11,40.52,BuildingB_Floor1,TypeA
1090,2025-04-10 23:09:09,29.42,46.47,BuildingA_Floor2,TypeB
1089,2025-04-11 16:40:30,32.02,36.76,BuildingA_Floor1,TypeC
1059,2025-04-07 17:00:18,17.55,51.02,BuildingA_Floor2,TypeC
1047,2025-04-08 15:14:56,16.45,60.67,BuildingB_Floor1,TypeC
1089,2025-04-10 02:29:50,21.68,37.5,BuildingB_Floor2,TypeC
1098,2025-04-10 22:44:47,20.43,70.4,BuildingA_Floor1,TypeB
1094,2025-04-07 09:12:02,16.28,43.75,BuildingA_Floor2,TypeC
1029,2025-04-06 22:27:00,22.89,57.63,BuildingB_Floor2,TypeB
1052,2025-04-10 17:08:47,22.85,49.13,BuildingA_Floor1,TypeB
1011,2025-04-08 14:59:08,24.3,72.8,BuildingA_Floor1,TypeA
1025,2025-04-09 06:26:06,15.53,69.33,BuildingB_Floor2,TypeB
1077,2025-04-09 03:49:33,25.42,54.91,BuildingB_Floor2,TypeB
1090,2025-04-11 12:25:18,15.82,43.61,BuildingB_Floor1,TypeA
1088,2025-04-10 03:45:49,20.86,71.95,BuildingA_Floor2,TypeA
1011,2025-04-11 17:59:07,29.21,30.82,BuildingA_Floor2,TypeC
1001,2025-04-09 00:53:54,24.16,34.92,BuildingB_Floor2,TypeB
1071,2025-04-09 16:06:30,15.43,68.83,BuildingB_Floor1,TypeB
1088,2025-04-08 07:54:41,33.61,39.57,BuildingA_Floor2,TypeC
1053,2025-04-09 01:20:20,32.17,53.96,BuildingB_Floor1,TypeA
1086,2025-04-07 17:30:04,20.77,51.03,BuildingB_Floor2,TypeA
1084,2025-04-11 17:51:08,24.83,55.8,BuildingB_Floor2,TypeA
1060,2025-04-11 07:06:57,34.79,56.19,BuildingA_Floor1,TypeA
1098,2025-04-09 21:25:33,18.85,51.43,BuildingA_Floor2,TypeA
1034,2025-04-07 08:35:20,30.99,72.1,BuildingB_Floor2,TypeB
1086,2025-04-09 09:43:54,29.44,64.13,BuildingB_Floor2,TypeA
1093,2025-04-10 14:22:30,16.44,33.86,BuildingA_Floor2,TypeA
1000,2025-04-11 18:24:40,30.42,62.81,BuildingA_Floor2,TypeA
1068,2025-04-06 23:07:26,17.3,56.4,BuildingB_Floor1,TypeA
1046,2025-04-11 20:06:27,32.41,76.59,BuildingB_Floor1,TypeC
1052,2025-04-07 15:17:10,25.94,51.5,BuildingA_Floor1,TypeC
1020,2025-04-10 06:43:20,19.36,49.89,BuildingA_Floor1,TypeC
1093,2025-04-11 19:46:59,15.85,73.01,BuildingA_Floor2,TypeC
1100,2025-04-11 04:02:05,29.72,52.62,BuildingB_Floor1,TypeB
1013,2025-04-10 17:10:54,28.68,62.36,BuildingB_Floor2,TypeC
1003,2025-04-11 08:58:24,23.65,42.51,BuildingB_Floor2,TypeB
1091,2025-04-09 23:37:01,19.89,37.77,BuildingB_Floor2,TypeC
1052,2025-04-09 14:19:50,26.73,61.77,BuildingB_Floor1,TypeC
1007,2025-04-09 09:47:38,15.12,69.32,BuildingA_Floor1,TypeB
1004,2025-04-11 01:15:05,32.73,65.6,BuildingB_Floor1,TypeB
1084,2025-04-07 14:05:24,28.65,47.55,BuildingA_Floor1,TypeA
1050,2025-04-10 13:38:24,25.78,76.44,BuildingB_Floor2,TypeC
1006,2025-04-08 07:55:37,19.47,52.01,BuildingA_Floor1,TypeC
1063,2025-04-07 06:47:08,17.7,36.67,BuildingA_Floor1,TypeC
1042,2025-04-09 13:59:51,30.03,64.2,BuildingB_Floor2,TypeA
1051,2025-04-10 13:04:10,23.07,48.19,BuildingB_Floor1,TypeA
1000,2025-04-07 11:19:35,17.23,51.36,BuildingA_Floor2,TypeB
1053,2025-04-08 20:29:03,29.91,72.54,BuildingB_Floor1,TypeA
1066,2025-04-06 23:49:46,23.18,60.71,BuildingB_Floor2,TypeB
1029,2025-04-11 21:10:26,26.83,53.73,BuildingB_Floor1,TypeB
1067,2025-04-08 04:29:44,26.23,62.1,BuildingB_Floor2,TypeA
1028,2025-04-07 11:07:50,22.3,43.1,BuildingB_Floor2,TypeA
1050,2025-04-09 02:59:05,34.52,49.16,BuildingB_Floor2,TypeC
1068,2025-04-07 03:04:58,19.33,77.32,BuildingA_Floor2,TypeB
1049,2025-04-09 00:21:49,33.3,52.42,BuildingA_Floor1,TypeA
1078,2025-04-09 20:44:45,27.67,54.3,BuildingA_Floor2,TypeB
1069,2025-04-08 22:40:21,27.49,53.66,BuildingA_Floor2,TypeA
1052,2025-04-07 02:03:57,20.49,58.49,BuildingB_Floor2,TypeA
1056,2025-04-09 15:44:04,25.72,75.62,BuildingB_Floor2,TypeA
1017,2025-04-11 03:32:55,30.87,67.19,BuildingA_Floor2,TypeC
1093,2025-04-09 17:29:42,17.51,40.82,BuildingA_Floor2,TypeA
1093,2025-04-10 05:07:31,20.02,30.59,BuildingB_Floor2,TypeC
1092,2025-04-11 21:28:59,18.61,75.12,BuildingB_Floor2,TypeA
1056,2025-04-08 00:18:45,31.51,48.75,BuildingB_Floor2,TypeC
1068,2025-04-07 20:45:57,32.75,63.53,BuildingB_Floor1,TypeC
1031,2025-04-08 07:19:48,28.61,78.3,BuildingB_Floor1,TypeA
1025,2025-04-10 04:10:48,16.49,64.1,BuildingB_Floor2,TypeC
1062,2025-04-10 05:40:09,22.51,64.78,BuildingA_Floor2,TypeC
1067,2025-04-09 13:05:02,20.95,75.81,BuildingB_Floor2,TypeC
1028,2025-04-10 21:24:22,16.64,74.58,BuildingB_Floor1,TypeA
1077,2025-04-08 03:53:05,34.69,34.55,BuildingB_Floor2,TypeB
1047,2025-04-07 11:55:06,31.19,74.67,BuildingB_Floor1,TypeB
1097,2025-04-07 22:53:15,33.12,73.75,BuildingB_Floor2,TypeC
1048,2025-04-09 22:46:22,31.79,62.38,BuildingB_Floor2,TypeC
1066,2025-04-08 19:15:57,34.29,46.12,BuildingB_Floor1,TypeA
1084,2025-04-10 05:12:55,18.72,52.63,BuildingA_Floor2,TypeA
1088,2025-04-08 08:19:47,29.79,69.51,BuildingB_Floor1,TypeC
1057,2025-04-07 13:04:50,31.41,44.21,BuildingB_Floor2,TypeA
1097,2025-04-09 01:10:59,19.19,33.08,BuildingA_Floor1,TypeB
1081,2025-04-08 09:28:43,20.44,57.84,BuildingB_Floor1,TypeB
1082,2025-04-06 22:58:20,24.56,56.06,BuildingA_Floor1,TypeA
1079,2025-04-07 00:10:56,25.66,58.73,BuildingA_Floor2,TypeA
1040,2025-04-11 11:36:09,21.96,35.84,BuildingB_Floor1,TypeA
1033,2025-04-08 05:24:54,28.62,68.35,BuildingA_Floor2,TypeA
1047,2025-04-10 11:03:02,34.7,59.34,BuildingA_Floor1,TypeC
1051,2025-04-08 08:54:34,23.01,65.68,BuildingA_Floor1,TypeC
1042,2025-04-08 03:38:16,21.42,57.36,BuildingB_Floor1,TypeC
1065,2025-04-07 17:33:20,34.94,47.53,BuildingA_Floor1,TypeA
1021,2025-04-08 18:34:52,16.33,35.93,BuildingA_Floor2,TypeB
1063,2025-04-10 01:00:01,27.65,79.17,BuildingA_Floor1,TypeB
1081,2025-04-09 08:30:03,31.38,43.24,BuildingB_Floor1,TypeB
1006,2025-04-07 01:30:01,25.13,47.87,BuildingA_Floor2,TypeC
1049,2025-04-08 16:31:12,34.08,33.41,BuildingB_Floor1,TypeB
1050,2025-04-09 02:34:07,16.12,53.15,BuildingA_Floor1,TypeB
1062,2025-04-08 10:44:49,32.51,63.18,BuildingB_Floor2,TypeC
1094,2025-04-10 12:46:14,32.94,73.93,BuildingB_Floor2,TypeA
1007,2025-04-09 12:09:12,29.72,31.17,BuildingB_Floor1,TypeC
1034,2025-04-09 16:13:07,24.61,54.3,BuildingA_Floor2,TypeB
1007,2025-04-07 21:20:48,21.8,68.21,BuildingB_Floor1,TypeB
1026,2025-04-11 13:02:28,34.13,49.59,BuildingB_Floor1,TypeB
1033,2025-04-08 04:15:05,22.57,49.45,BuildingA_Floor2,TypeB
1010,2025-04-07 23:05:42,26.78,68.06,BuildingA_Floor2,TypeC
1082,2025-04-08 18:53:57,28.54,36.42,BuildingA_Floor2,TypeB
1078,2025-04-11 13:25:09,30.38,65.25,BuildingB_Floor1,TypeC
1098,2025-04-11 00:19:07,16.8,74.32,BuildingB_Floor1,TypeC
1095,2025-04-11 11:20:53,28.26,47.08,BuildingA_Floor2,TypeC
1007,2025-04-10 11:07:11,34.24,32.95,BuildingA_Floor2,TypeC
1048,2025-04-07 21:11:52,31.98,74.17,BuildingB_Floor2,TypeB
1089,2025-04-11 14:54:39,21.12,70.11,BuildingB_Floor1,TypeC
1098,2025-04-10 13:42:59,30.6,73.73,BuildingB_Floor2,TypeC
1058,2025-04-08 15:07:45,30.73,31.93,BuildingB_Floor2,TypeA
1019,2025-04-09 16:14:37,20.33,40.05,BuildingA_Floor1,TypeA
1068,2025-04-09 01:47:20,16.44,68.75,BuildingA_Floor2,TypeC
1055,2025-04-11 00:53:18,22.99,42.28,BuildingB_Floor1,TypeA
1048,2025-04-09 17:15:06,16.21,64.45,BuildingB_Floor2,TypeA
1069,2025-04-10 15:29:21,22.45,42.28,BuildingA_Floor2,TypeA
1006,2025-04-07 18:57:00,23.78,62.17,BuildingB_Floor2,TypeA
1013,2025-04-11 20:46:16,25.7,46.49,BuildingB_Floor1,TypeB
1014,2025-04-08 03:19:15,30.47,40.43,BuildingA_Floor1,TypeB
1058,2025-04-09 17:20:50,25.58,50.78,BuildingA_Floor1,TypeC
1075,2025-04-09 09:24:28,26.82,47.72,BuildingA_Floor2,TypeC
1040,2025-04-07 06:14:06,17.94,77.76,BuildingB_Floor1,TypeA
1095,2025-04-07 09:38:38,31.82,71.15,BuildingB_Floor2,TypeB
1092,2025-04-11 11:56:47,23.8,37.43,BuildingA_Floor2,TypeA
1051,2025-04-11 06:00:07,31.91,60.75,BuildingB_Floor2,TypeB
1000,2025-04-09 05:52:16,21.81,71.82,BuildingA_Floor2,TypeC
1046,2025-04-06 23:50:38,17.63,64.04,BuildingB_Floor1,TypeC
1032,2025-04-11 20:17:33,30.58,52.97,BuildingA_Floor2,TypeC
1098,2025-04-11 12:00:42,15.68,59.65,BuildingA_Floor1,TypeB
1045,2025-04-09 05:39:38,18.87,41.06,BuildingB_Floor1,TypeB
1097,2025-04-10 09:19:52,16.54,63.5,BuildingB_Floor1,TypeC
1043,2025-04-11 01:25:19,22.95,65.36,BuildingB_Floor2,TypeB
1010,2025-04-11 10:46:00,22.24,47.63,BuildingA_Floor1,TypeB
1092,2025-04-11 02:59:51,27.57,68.8,BuildingB_Floor2,TypeB
1011,2025-04-08 17:48:15,32.77,74.77,BuildingB_Floor1,TypeC
1048,2025-04-07 02:05:42,15.53,41.05,BuildingB_Floor2,TypeC
1060,2025-04-07 20:19:42,28.84,35.94,BuildingA_Floor1,TypeB
1043,2025-04-08 19:49:57,29.57,46.31,BuildingB_Floor1,TypeA
1023,2025-04-09 14:58:51,26.15,50.86,BuildingB_Floor1,TypeC
1063,2025-04-09 16:43:50,22.86,34.2,BuildingA_Floor2,TypeA
1028,2025-04-09 15:56:26,21.37,76.56,BuildingB_Floor2,TypeA
1024,2025-04-11 00:09:24,16.17,50.37,BuildingA_Floor2,TypeA
1095,2025-04-09 02:21:51,17.41,40.36,BuildingA_Floor1,TypeB
1022,2025-04-07 12:59:19,32.66,49.91,BuildingA_Floor2,TypeA
1002,2025-04-07 13:21:32,20.13,59.01,BuildingB_Floor1,TypeA
1035,2025-04-10 21:07:56,15.46,33.33,BuildingA_Floor1,TypeA
1020,2025-04-10 05:02:32,23.87,73.08,BuildingB_Floor2,TypeB
1036,2025-04-11 20:32:38,19.98,41.26,BuildingA_Floor2,TypeB
1025,2025-04-08 02:44:51,31.92,66.96,BuildingA_Floor2,TypeB
1055,2025-04-08 05:15:24,28.29,60.58,BuildingB_Floor1,TypeC
1056,2025-04-07 12:36:58,26.87,47.5,BuildingB_Floor1,TypeB
1087,2025-04-08 21:17:39,24.87,34.38,BuildingB_Floor1,TypeB
1071,2025-04-07 05:07:40,31.43,70.3,BuildingB_Floor2,TypeC
1094,2025-04-09 16:17:15,34.71,38.65,BuildingB_Floor1,TypeA
1011,2025-04-10 22:11:20,17.01,43.1,BuildingA_Floor1,TypeA
1055,2025-04-09 17:19:49,23.96,79.31,BuildingA_Floor2,TypeC
1035,2025-04-11 03:21:26,26.75,55.06,BuildingA_Floor2,TypeB
1030,2025-04-10 16:13:57,17.21,54.15,BuildingA_Floor2,TypeB
1075,2025-04-11 09:49:32,27.88,68.18,BuildingB_Floor2,TypeC
1055,2025-04-08 11:39:53,18.64,59.21,BuildingB_Floor2,TypeB
1069,2025-04-11 14:05:20,25.48,42.41,BuildingA_Floor1,TypeA
1001,2025-04-08 16:35:44,34.48,64.75,BuildingA_Floor2,TypeB
1023,2025-04-07 13:11:27,30.86,60.52,BuildingA_Floor1,TypeA
1096,2025-04-09 00:52:02,33.33,37.5,BuildingB_Floor1,TypeA
1080,2025-04-11 16:35:08,31.49,73.84,BuildingB_Floor2,TypeB
1010,2025-04-07 23:22:11,22.0,43.89,BuildingA_Floor1,TypeB
1005,2025-04-09 00:53:27,32.57,74.92,BuildingA_Floor1,TypeA
1066,2025-04-11 11:16:23,25.61,36.6,BuildingA_Floor1,TypeC
1097,2025-04-08 01:59:21,17.8,45.98,BuildingA_Floor1,TypeC
1099,2025-04-08 02:36:27,17.83,74.75,BuildingB_Floor1,TypeA
1029,2025-04-10 16:50:45,26.93,67.17,BuildingB_Floor2,TypeB
1063,2025-04-07 05:51:35,24.32,37.67,BuildingB_Floor1,TypeB
1026,2025-04-10 14:57:09,16.49,30.88,BuildingB_Floor2,TypeC
1030,2025-04-09 20:21:32,20.05,42.71,BuildingB_Floor2,TypeC
1068,2025-04-09 09:42:42,20.55,46.44,BuildingB_Floor2,TypeC
1075,2025-04-07 06:37:26,27.43,79.42,BuildingB_Floor2,TypeA
1053,2025-04-07 05:55:26,33.48,68.13,BuildingA_Floor1,TypeC
1075,2025-04-07 23:21:38,27.39,32.43,BuildingA_Floor2,TypeA
1053,2025-04-06 23:41:55,19.16,48.51,BuildingA_Floor1,TypeB
1037,2025-04-10 20:36:22,20.71,79.24,BuildingB_Floor1,TypeA
1032,2025-04-08 14:17:10,25.02,36.66,BuildingA_Floor1,TypeB
1025,2025-04-11 11:52:01,28.14,56.27,BuildingA_Floor2,TypeC
1037,2025-04-11 13:26:47,23.68,51.33,BuildingA_Floor1,TypeA
1048,2025-04-11 21:40:55,17.17,50.65,BuildingA_Floor2,TypeC
1013,2025-04-08 13:13:50,18.51,66.71,BuildingB_Floor1,TypeB
1006,2025-04-11 15:41:45,18.33,72.06,BuildingA_Floor1,TypeB
1067,2025-04-09 21:13:29,30.1,30.83,BuildingB_Floor1,TypeC
1046,2025-04-07 15:54:20,22.04,45.54,BuildingA_Floor1,TypeA
1049,2025-04-08 10:38:55,30.44,64.74,BuildingB_Floor2,TypeB
1098,2025-04-11 09:32:05,30.99,31.66,BuildingA_Floor1,TypeC
1055,2025-04-08 05:12:02,27.53,38.16,BuildingA_Floor2,TypeA
1040,2025-04-10 00:58:58,32.63,57.48,BuildingA_Floor1,TypeB
1051,2025-04-10 06:03:53,15.45,65.79,BuildingB_Floor1,TypeC
1077,2025-04-09 17:16:58,21.67,72.76,BuildingB_Floor2,TypeC
1029,2025-04-10 16:59:19,28.86,76.66,BuildingA_Floor2,TypeC
1045,2025-04-09 23:07:44,19.29,75.16,BuildingB_Floor2,TypeB
1028,2025-04-08 08:32:35,24.73,45.14,BuildingB_Floor1,TypeB
1032,2025-04-08 05:45:36,26.03,40.19,BuildingA_Floor2,TypeB
1079,2025-04-09 19:17:47,19.94,45.5,BuildingA_Floor1,TypeB
1003,2025-04-10 19:25:06,19.77,76.05,BuildingB_Floor1,TypeC
1071,2025-04-09 16:55:43,31.99,31.91,BuildingB_Floor1,TypeA
1087,2025-04-11 12:34:56,24.19,46.43,BuildingB_Floor2,TypeA
1079,2025-04-10 14:01:15,34.27,72.07,BuildingB_Floor1,TypeA
1095,2025-04-10 16:19:00,18.77,56.07,BuildingB_Floor1,TypeC
1041,2025-04-07 06:52:27,29.33,48.68,BuildingA_Floor2,TypeB
1086,2025-04-07 08:28:33,26.24,69.71,BuildingB_Floor1,TypeC
1037,2025-04-08 14:59:00,33.31,76.36,BuildingB_Floor2,TypeA
1072,2025-04-07 01:25:47,26.23,57.2,BuildingB_Floor2,TypeA
1055,2025-04-10 17:54:38,19.55,46.6,BuildingB_Floor2,TypeA
1017,2025-04-11 07:03:06,17.87,46.25,BuildingA_Floor2,TypeA
1062,2025-04-07 07:15:46,20.65,35.62,BuildingB_Floor1,TypeB
1090,2025-04-09 21:50:39,16.13,51.86,BuildingA_Floor1,TypeA
1006,2025-04-10 22:02:47,29.82,30.01,BuildingB_Floor2,TypeA
1044,2025-04-11 03:07:31,30.69,57.53,BuildingB_Floor2,TypeB
1049,2025-04-11 16:41:51,18.11,75.23,BuildingB_Floor2,TypeA
1080,2025-04-09 09:41:49,19.58,67.63,BuildingA_Floor1,TypeB
1047,2025-04-11 01:36:46,23.06,50.68,BuildingA_Floor1,TypeB
1069,2025-04-09 03:15:14,21.85,43.33,BuildingB_Floor1,TypeB
1072,2025-04-08 23:29:16,22.51,40.09,BuildingB_Floor1,TypeC
1047,2025-04-10 16:48:24,17.48,66.59,BuildingB_Floor1,TypeC
1081,2025-04-07 21:20:49,15.57,76.0,BuildingB_Floor2,TypeA
1043,2025-04-08 01:12:56,22.68,40.94,BuildingA_Floor2,TypeA
1005,2025-04-10 21:31:11,21.79,31.08,BuildingB_Floor1,TypeB
1038,2025-04-11 19:41:04,18.11,69.05,BuildingB_Floor2,TypeB
1062,2025-04-10 21:14:37,22.1,68.65,BuildingA_Floor1,TypeB
1072,2025-04-09 11:45:21,27.1,71.63,BuildingB_Floor1,TypeA
1021,2025-04-08 13:40:22,17.58,34.6,BuildingB_Floor1,TypeB
1091,2025-04-10 19:35:29,18.26,78.98,BuildingA_Floor2,TypeB
1087,2025-04-10 22:47:04,30.36,62.76,BuildingB_Floor1,TypeB
1064,2025-04-11 05:39:51,24.09,70.66,BuildingB_Floor2,TypeA
1068,2025-04-08 20:06:53,33.28,68.5,BuildingA_Floor1,TypeB
1060,2025-04-07 16:19:56,22.65,58.82,BuildingA_Floor2,TypeA
1028,2025-04-09 23:43:23,25.63,68.87,BuildingA_Floor2,TypeA
1024,2025-04-10 16:53:51,21.8,70.37,BuildingA_Floor1,TypeB
1050,2025-04-07 12:09:17,19.8,73.93,BuildingA_Floor2,TypeB
1010,2025-04-07 21:18:03,27.96,37.95,BuildingB_Floor2,TypeA
1079,2025-04-11 14:37:06,24.94,32.52,BuildingB_Floor1,TypeA
1077,2025-04-08 04:22:53,30.29,41.91,BuildingB_Floor1,TypeB
1017,2025-04-11 13:02:02,27.09,76.9,BuildingA_Floor1,TypeC
1053,2025-04-07 06:09:36,31.25,59.63,BuildingB_Floor1,TypeB
1015,2025-04-11 16:40:46,20.94,32.21,BuildingB_Floor1,TypeA
1060,2025-04-09 04:03:10,31.64,65.2,BuildingB_Floor2,TypeB
1037,2025-04-09 06:24:11,16.75,48.18,BuildingA_Floor2,TypeA
1067,2025-04-10 15:48:35,34.16,68.78,BuildingB_Floor2,TypeB
1034,2025-04-08 21:21:04,17.07,49.32,BuildingB_Floor2,TypeB
1093,2025-04-08 05:13:37,16.08,36.79,BuildingA_Floor1,TypeC
1037,2025-04-11 01:55:02,17.85,56.11,BuildingA_Floor2,TypeC
1048,2025-04-08 10:21:29,30.39,76.97,BuildingB_Floor2,TypeC
1054,2025-04-08 05:19:12,17.52,40.9,BuildingB_Floor1,TypeB
1063,2025-04-08 19:52:55,28.01,31.76,BuildingA_Floor1,TypeB
1052,2025-04-11 02:48:20,22.57,31.87,BuildingB_Floor2,TypeC
1064,2025-04-08 06:26:36,30.2,43.52,BuildingB_Floor1,TypeB
1098,2025-04-07 12:01:08,24.8,51.33,BuildingB_Floor2,TypeB
1073,2025-04-11 06:41:59,28.95,74.63,BuildingA_Floor1,TypeB
1083,2025-04-11 06:53:26,34.21,65.5,BuildingB_Floor1,TypeB
1015,2025-04-08 12:50:05,30.96,49.33,BuildingA_Floor2,TypeA
1057,2025-04-09 16:37:37,20.5,44.66,BuildingA_Floor2,TypeB
1094,2025-04-11 07:32:27,24.4,55.53,BuildingA_Floor1,TypeC
1036,2025-04-09 12:59:28,25.02,62.66,BuildingB_Floor1,TypeA
1033,2025-04-07 22:14:04,30.88,75.53,BuildingB_Floor1,TypeB
1007,2025-04-11 20:52:39,31.55,50.81,BuildingA_Floor1,TypeC
1035,2025-04-10 15:06:54,19.87,60.72,BuildingB_Floor2,TypeC
1050,2025-04-10 09:59:40,25.15,67.83,BuildingA_Floor1,TypeC
1089,2025-04-07 00:21:06,29.61,36.46,BuildingB_Floor1,TypeC
1007,2025-04-10 23:57:28,22.4,34.76,BuildingB_Floor1,TypeA
1030,2025-04-07 08:28:33,21.39,65.97,BuildingB_Floor1,TypeB
1058,2025-04-08 13:55:57,23.1,53.66,BuildingB_Floor2,TypeB
1070,2025-04-11 07:35:14,24.91,44.56,BuildingB_Floor1,TypeC
1092,2025-04-11 14:22:10,19.2,65.15,BuildingB_Floor1,TypeB
1001,2025-04-11 12:05:05,16.4,75.05,BuildingA_Floor1,TypeB
1076,2025-04-11 21:11:26,24.69,50.93,BuildingB_Floor2,TypeC
1086,2025-04-10 21:04:32,16.1,35.25,BuildingA_Floor1,TypeA
1059,2025-04-09 00:53:11,15.32,58.57,BuildingA_Floor1,TypeC
1060,2025-04-08 18:56:13,25.38,66.36,BuildingA_Floor1,TypeB
1014,2025-04-09 09:43:48,27.73,34.63,BuildingB_Floor1,TypeC
1053,2025-04-10 23:49:51,21.42,58.6,BuildingA_Floor2,TypeC
1091,2025-04-11 05:14:48,25.74,50.57,BuildingA_Floor1,TypeB
1070,2025-04-11 21:10:59,33.12,37.09,BuildingA_Floor2,TypeB
1036,2025-04-07 21:08:56,22.69,69.27,BuildingB_Floor2,TypeB
1053,2025-04-09 23:19:38,32.12,76.51,BuildingA_Floor1,TypeB
1096,2025-04-08 02:08:47,33.56,31.76,BuildingB_Floor1,TypeC
1036,2025-04-07 18:52:31,31.85,66.38,BuildingA_Floor2,TypeC
1086,2025-04-08 14:40:45,19.94,59.43,BuildingA_Floor2,TypeA
1073,2025-04-08 19:45:26,30.03,60.48,BuildingA_Floor1,TypeC
1091,2025-04-10 22:13:41,28.77,79.88,BuildingA_Floor2,TypeB
1018,2025-04-08 10:29:24,25.87,55.46,BuildingB_Floor1,TypeC
1023,2025-04-11 17:13:24,26.44,35.64,BuildingB_Floor2,TypeB
1008,2025-04-10 16:03:27,19.11,41.9,BuildingA_Floor1,TypeB
1064,2025-04-07 02:22:57,19.59,35.71,BuildingB_Floor1,TypeB
1030,2025-04-10 03:38:21,26.65,45.06,BuildingA_Floor1,TypeA
1083,2025-04-10 23:44:05,17.16,36.24,BuildingB_Floor2,TypeC
1068,2025-04-08 20:33:59,31.96,58.82,BuildingA_Floor2,TypeB
1009,2025-04-10 17:56:25,19.73,50.15,BuildingB_Floor2,TypeB
1015,2025-04-07 12:38:03,30.68,58.43,BuildingB_Floor2,TypeB
1005,2025-04-07 14:34:07,15.99,71.39,BuildingB_Floor2,TypeA
1035,2025-04-11 11:39:44,32.53,69.33,BuildingB_Floor1,TypeB
1023,2025-04-10 15:36:26,27.05,78.52,BuildingA_Floor1,TypeA
1002,2025-04-08 00:02:24,28.02,35.15,BuildingB_Floor2,TypeC
1063,2025-04-07 19:12:19,29.78,58.01,BuildingA_Floor2,TypeC
1060,2025-04-08 19:12:29,15.14,32.97,BuildingB_Floor2,TypeB
1005,2025-04-08 11:52:47,29.98,73.27,BuildingB_Floor1,TypeA
1039,2025-04-09 06:47:34,29.17,46.11,BuildingA_Floor2,TypeB
1011,2025-04-08 00:34:45,15.09,76.12,BuildingB_Floor1,TypeA
1016,2025-04-07 11:56:49,27.18,44.94,BuildingA_Floor1,TypeB
1042,2025-04-08 09:12:39,22.44,72.54,BuildingA_Floor1,TypeB
1073,2025-04-08 03:10:26,33.15,69.08,BuildingB_Floor2,TypeB
1038,2025-04-08 16:08:09,24.07,57.32,BuildingA_Floor2,TypeB
1059,2025-04-11 04:43:52,22.3,48.2,BuildingB_Floor1,TypeC
1011,2025-04-08 01:53:57,16.84,52.14,BuildingB_Floor2,TypeB
1092,2025-04-10 15:00:52,27.71,73.86,BuildingB_Floor1,TypeC
1062,2025-04-08 04:13:30,34.41,46.27,BuildingB_Floor2,TypeC
1003,2025-04-07 00:05:33,33.32,79.18,BuildingB_Floor2,TypeC
1085,2025-04-11 01:43:50,31.67,49.94,BuildingB_Floor1,TypeB
1028,2025-04-11 05:08:38,16.72,62.15,BuildingB_Floor1,TypeB
1025,2025-04-07 15:16:31,26.09,64.99,BuildingB_Floor1,TypeC
1093,2025-04-07 22:07:33,21.92,75.47,BuildingB_Floor2,TypeC
1058,2025-04-10 08:43:48,19.74,47.61,BuildingB_Floor1,TypeA
1030,2025-04-10 05:28:28,17.38,45.38,BuildingB_Floor1,TypeB
1029,2025-04-08 09:51:12,34.92,62.39,BuildingB_Floor2,TypeA
1010,2025-04-08 03:22:03,23.63,34.07,BuildingB_Floor1,TypeC
1058,2025-04-07 02:47:20,15.2,76.19,BuildingB_Floor2,TypeC
1062,2025-04-07 08:26:12,34.07,77.64,BuildingA_Floor1,TypeA
1038,2025-04-10 05:57:38,21.66,34.17,BuildingA_Floor2,TypeA
1072,2025-04-07 15:32:13,16.19,50.51,BuildingB_Floor2,TypeA
1044,2025-04-09 18:25:05,28.28,73.86,BuildingA_Floor1,TypeB
1073,2025-04-08 04:40:43,26.66,47.39,BuildingA_Floor2,TypeC
1094,2025-04-11 05:56:18,28.88,39.09,BuildingA_Floor1,TypeC
1088,2025-04-11 19:15:31,19.12,55.16,BuildingB_Floor1,TypeC
1051,2025-04-10 19:53:59,33.13,40.76,BuildingB_Floor1,TypeC
1055,2025-04-10 11:52:47,17.73,64.91,BuildingB_Floor2,TypeC
1002,2025-04-11 07:45:09,28.73,40.54,BuildingA_Floor1,TypeA
1049,2025-04-10 11:55:35,29.36,41.15,BuildingA_Floor1,TypeA
1063,2025-04-11 15:46:26,32.52,61.73,BuildingB_Floor1,TypeC
1080,2025-04-09 15:29:53,16.6,71.25,BuildingB_Floor2,TypeC
1015,2025-04-11 04:22:15,18.25,46.79,BuildingA_Floor2,TypeB
1076,2025-04-07 13:39:27,25.89,73.76,BuildingA_Floor1,TypeB
1046,2025-04-08 01:18:02,31.33,69.86,BuildingB_Floor2,TypeC
1006,2025-04-11 18:19:03,20.47,55.71,BuildingB_Floor2,TypeB
1079,2025-04-07 06:06:43,27.48,69.8,BuildingB_Floor1,TypeA
1035,2025-04-07 03:26:31,22.73,65.59,BuildingA_Floor1,TypeB
1094,2025-04-10 23:53:21,31.59,62.79,BuildingB_Floor2,TypeC
1084,2025-04-07 23:09:20,18.37,71.49,BuildingB_Floor2,TypeB
1090,2025-04-09 16:05:35,31.09,53.42,BuildingB_Floor2,TypeA
1094,2025-04-09 18:00:29,28.43,79.71,BuildingB_Floor1,TypeC
1015,2025-04-11 15:38:39,19.88,52.41,BuildingA_Floor2,TypeA
1078,2025-04-09 12:01:18,19.95,54.48,BuildingB_Floor1,TypeB
1060,2025-04-09 16:29:20,15.39,37.01,BuildingA_Floor1,TypeC
1062,2025-04-11 04:05:12,18.08,75.49,BuildingB_Floor2,TypeC
1046,2025-04-11 00:27:57,33.34,79.72,BuildingA_Floor2,TypeB
1013,2025-04-11 14:52:50,29.19,62.6,BuildingB_Floor2,TypeA
1070,2025-04-10 05:23:37,27.35,54.92,BuildingB_Floor2,TypeB
1018,2025-04-09 18:47:01,26.35,39.31,BuildingA_Floor1,TypeC
1069,2025-04-08 13:51:04,27.84,56.93,BuildingB_Floor2,TypeC
1073,2025-04-09 11:23:40,16.52,63.08,BuildingA_Floor1,TypeB
1053,2025-04-07 05:24:04,28.9,56.13,BuildingB_Floor2,TypeC
1023,2025-04-11 20:00:03,25.33,76.36,BuildingB_Floor1,TypeA
1042,2025-04-08 17:30:07,15.44,54.74,BuildingA_Floor2,TypeA
1014,2025-04-10 05:09:03,23.07,57.59,BuildingB_Floor2,TypeA
1056,2025-04-11 05:12:23,34.67,69.57,BuildingB_Floor1,TypeB
1100,2025-04-07 09:22:13,21.83,71.17,BuildingB_Floor2,TypeC
1021,2025-04-09 20:37:27,25.63,68.45,BuildingB_Floor1,TypeB
1068,2025-04-08 15:05:54,28.15,63.85,BuildingB_Floor2,TypeA
1033,2025-04-09 21:51:59,23.14,46.47,BuildingA_Floor2,TypeA
1022,2025-04-07 13:12:01,30.68,68.96,BuildingA_Floor2,TypeA
1002,2025-04-09 18:02:03,28.61,68.78,BuildingB_Floor1,TypeB
1075,2025-04-11 15:43:15,30.27,61.13,BuildingA_Floor1,TypeB
1066,2025-04-11 19:59:02,28.88,49.43,BuildingA_Floor1,TypeC
1092,2025-04-09 11:34:44,21.71,77.21,BuildingA_Floor1,TypeC
1081,2025-04-08 01:05:22,29.58,69.81,BuildingA_Floor1,TypeA
1058,2025-04-09 05:15:04,29.42,59.3,BuildingA_Floor1,TypeB
1018,2025-04-09 19:45:47,34.96,39.19,BuildingB_Floor1,TypeA
1046,2025-04-11 10:35:33,17.45,51.34,BuildingB_Floor2,TypeC
1053,2025-04-07 22:00:46,21.35,79.26,BuildingA_Floor2,TypeA
1059,2025-04-09 15:28:28,22.95,59.63,BuildingA_Floor1,TypeA
1008,2025-04-07 07:17:58,16.28,51.61,BuildingB_Floor1,TypeB
1051,2025-04-08 09:28:50,31.0,57.94,BuildingA_Floor1,TypeB
1037,2025-04-09 07:25:48,31.23,47.42,BuildingA_Floor2,TypeB
1007,2025-04-08 22:33:54,20.72,49.69,BuildingA_Floor1,TypeC
1026,2025-04-09 03:08:51,34.51,64.69,BuildingB_Floor2,TypeA
1035,2025-04-11 16:16:25,27.8,75.97,BuildingB_Floor2,TypeC
1077,2025-04-07 00:06:13,19.81,59.78,BuildingB_Floor1,TypeB
1012,2025-04-10 04:23:24,25.31,47.69,BuildingB_Floor2,TypeB
1013,2025-04-07 18:20:01,22.14,46.84,BuildingA_Floor1,TypeA
1007,2025-04-08 09:19:04,21.43,56.71,BuildingA_Floor2,TypeB
1012,2025-04-09 09:25:51,27.38,54.86,BuildingA_Floor2,TypeA
1055,2025-04-08 19:31:25,16.87,33.59,BuildingA_Floor2,TypeA
1037,2025-04-07 19:34:26,15.75,60.15,BuildingB_Floor2,TypeC
1054,2025-04-09 14:44:10,19.1,35.78,BuildingA_Floor2,TypeC
1084,2025-04-07 22:14:22,26.47,66.95,BuildingA_Floor2,TypeB
1088,2025-04-08 22:04:22,29.12,32.36,BuildingB_Floor2,TypeA
1068,2025-04-11 12:41:00,33.82,32.79,BuildingB_Floor1,TypeB
1094,2025-04-10 11:26:52,26.94,69.39,BuildingA_Floor1,TypeA
1042,2025-04-09 23:52:09,15.68,73.85,BuildingA_Floor1,TypeC
1000,2025-04-10 06:54:54,26.98,59.83,BuildingB_Floor2,TypeC
1082,2025-04-08 23:01:25,34.3,58.05,BuildingB_Floor1,TypeA
1021,2025-04-10 11:57:12,34.93,33.0,BuildingA_Floor1,TypeB
1008,2025-04-11 14:00:22,24.67,48.64,BuildingB_Floor1,TypeB
1088,2025-04-08 11:04:55,34.32,79.1,BuildingA_Floor2,TypeA
1023,2025-04-08 20:33:50,15.7,36.24,BuildingB_Floor1,TypeB
1066,2025-04-07 07:46:42,19.71,59.87,BuildingB_Floor1,TypeA
1091,2025-04-09 16:53:57,20.22,38.28,BuildingA_Floor2,TypeA
1081,2025-04-09 03:37:48,22.85,71.06,BuildingA_Floor1,TypeB
1072,2025-04-07 07:12:34,23.95,39.79,BuildingA_Floor2,TypeA
1097,2025-04-11 10:06:08,25.03,48.52,BuildingB_Floor1,TypeC
1096,2025-04-09 09:00:29,16.35,46.67,BuildingA_Floor2,TypeC
1039,2025-04-07 09:58:35,19.88,54.98,BuildingA_Floor1,TypeB
1087,2025-04-09 06:36:25,21.16,79.86,BuildingA_Floor1,TypeC
1004,2025-04-07 01:36:52,22.97,63.69,BuildingB_Floor2,TypeB
1023,2025-04-11 05:12:46,23.48,57.78,BuildingA_Floor1,TypeC
1097,2025-04-09 02:29:59,22.47,56.99,BuildingB_Floor2,TypeC
1074,2025-04-08 22:18:32,17.45,51.48,BuildingA_Floor1,TypeA
1061,2025-04-10 02:10:07,21.1,71.8,BuildingB_Floor1,TypeA
1022,2025-04-07 16:18:06,21.11,77.63,BuildingB_Floor2,TypeB
1010,2025-04-08 10:04:07,30.21,51.63,BuildingA_Floor1,TypeC
1051,2025-04-07 20:37:03,20.08,76.31,BuildingB_Floor2,TypeC
1091,2025-04-07 16:54:19,29.35,36.36,BuildingB_Floor2,TypeB
1065,2025-04-09 15:21:41,32.55,79.09,BuildingA_Floor1,TypeA
1043,2025-04-06 23:29:39,16.06,62.62,BuildingA_Floor2,TypeB
1003,2025-04-07 13:25:59,26.89,36.05,BuildingB_Floor1,TypeA
1064,2025-04-09 21:11:14,34.14,55.85,BuildingA_Floor1,TypeA
1018,2025-04-09 10:57:44,24.76,36.83,BuildingA_Floor2,TypeC
1077,2025-04-09 23:37:48,31.48,43.34,BuildingB_Floor2,TypeB
1097,2025-04-09 09:51:14,15.61,43.63,BuildingA_Floor1,TypeA
1020,2025-04-08 11:38:20,30.75,78.1,BuildingA_Floor1,TypeC
1011,2025-04-11 11:14:25,34.55,69.08,BuildingB_Floor1,TypeA
1062,2025-04-10 16:48:55,21.58,45.61,BuildingA_Floor1,TypeA
1070,2025-04-09 01:51:37,18.51,67.32,BuildingA_Floor1,TypeB
1016,2025-04-06 23:41:19,20.83,59.12,BuildingB_Floor1,TypeB
1050,2025-04-10 06:01:24,24.17,31.73,BuildingB_Floor2,TypeC
1081,2025-04-07 08:09:58,15.25,77.09,BuildingA_Floor1,TypeA
1049,2025-04-08 22:42:21,28.61,34.27,BuildingA_Floor2,TypeA
1025,2025-04-07 22:45:41,33.79,75.64,BuildingA_Floor1,TypeC
1070,2025-04-08 14:49:20,32.04,55.08,BuildingB_Floor1,TypeA
1082,2025-04-10 08:16:01,26.91,37.66,BuildingA_Floor1,TypeC
1036,2025-04-09 01:47:49,25.76,60.02,BuildingA_Floor1,TypeA
1054,2025-04-07 06:17:48,32.01,63.03,BuildingB_Floor2,TypeA
1019,2025-04-09 00:41:32,34.48,66.54,BuildingB_Floor1,TypeB
1072,2025-04-08 01:23:30,22.6,42.64,BuildingA_Floor2,TypeB
1091,2025-04-10 03:05:06,28.64,72.42,BuildingB_Floor2,TypeA
1010,2025-04-09 14:51:35,30.04,66.16,BuildingA_Floor1,TypeC
1085,2025-04-11 10:11:45,20.29,75.73,BuildingA_Floor2,TypeB
1082,2025-04-07 17:53:59,30.85,48.1,BuildingB_Floor2,TypeC
1070,2025-04-10 15:58:18,29.54,49.15,BuildingA_Floor2,TypeB
1022,2025-04-07 06:40:54,15.59,33.48,BuildingB_Floor1,TypeA
1018,2025-04-08 15:44:21,23.6,78.5,BuildingA_Floor2,TypeA
1022,2025-04-09 07:58:38,31.74,63.83,BuildingA_Floor1,TypeA
1083,2025-04-08 20:08:47,18.25,59.62,BuildingA_Floor2,TypeB
1013,2025-04-10 09:31:37,17.29,54.26,BuildingB_Floor2,TypeC
1085,2025-04-08 02:19:38,34.59,78.25,BuildingA_Floor1,TypeB
1051,2025-04-10 10:53:12,21.03,35.42,BuildingA_Floor1,TypeC
1004,2025-04-07 06:50:54,25.26,32.9,BuildingB_Floor2,TypeB
1084,2025-04-09 05:42:10,15.69,54.36,BuildingA_Floor2,TypeB
1001,2025-04-09 17:57:17,21.98,36.38,BuildingA_Floor2,TypeA
1036,2025-04-09 20:40:51,22.47,68.2,BuildingA_Floor2,TypeB
1012,2025-04-07 09:46:00,25.79,79.16,BuildingB_Floor2,TypeB
1008,2025-04-08 05:35:41,15.53,55.5,BuildingB_Floor2,TypeA
1000,2025-04-07 06:22:55,25.03,45.03,BuildingB_Floor2,TypeA
1080,2025-04-08 22:49:25,26.61,79.51,BuildingA_Floor2,TypeA
1031,2025-04-11 06:03:21,34.76,54.3,BuildingA_Floor2,TypeA
1005,2025-04-11 06:02:18,28.13,43.59,BuildingB_Floor2,TypeB
1096,2025-04-09 09:20:08,17.14,62.79,BuildingA_Floor1,TypeB
1070,2025-04-10 04:39:57,30.8,58.37,BuildingA_Floor1,TypeC
1091,2025-04-08 21:15:54,15.42,48.32,BuildingA_Floor1,TypeB
1066,2025-04-08 01:18:50,32.14,64.71,BuildingB_Floor2,TypeB
1000,2025-04-09 15:50:15,18.75,69.62,BuildingB_Floor1,TypeB
1049,2025-04-08 21:39:31,25.28,59.73,BuildingA_Floor1,TypeB
1093,2025-04-11 13:41:20,34.75,59.43,BuildingB_Floor2,TypeC
1082,2025-04-11 17:24:21,19.31,58.05,BuildingB_Floor2,TypeC
1068,2025-04-07 20:13:19,21.85,76.76,BuildingB_Floor1,TypeC
1017,2025-04-07 03:16:39,24.67,62.81,BuildingA_Floor1,TypeA
1062,2025-04-09 17:03:44,17.87,40.85,BuildingB_Floor1,TypeC
1036,2025-04-09 04:35:12,16.91,47.66,BuildingA_Floor1,TypeB
1049,2025-04-08 13:57:52,29.33,67.93,BuildingB_Floor2,TypeC
1050,2025-04-11 03:16:55,27.2,67.12,BuildingA_Floor1,TypeC
1006,2025-04-10 22:11:49,31.88,60.0,BuildingB_Floor1,TypeC
1063,2025-04-06 23:15:25,26.65,40.58,BuildingA_Floor2,TypeA
1056,2025-04-08 19:07:39,32.04,76.66,BuildingA_Floor2,TypeB
1072,2025-04-07 13:09:00,28.5,45.89,BuildingB_Floor1,TypeA
1018,2025-04-08 05:44:07,28.56,75.11,BuildingB_Floor2,TypeA
1014,2025-04-09 19:50:01,30.28,79.0,BuildingA_Floor2,TypeA
1097,2025-04-11 22:21:25,25.36,72.91,BuildingA_Floor2,TypeA
1079,2025-04-07 19:56:15,25.54,30.97,BuildingB_Floor2,TypeC
1020,2025-04-11 07:25:27,29.76,77.36,BuildingA_Floor1,TypeB
1065,2025-04-07 06:18:12,21.48,60.03,BuildingB_Floor1,TypeA
1005,2025-04-08 10:35:57,27.6,74.52,BuildingA_Floor1,TypeA
1058,2025-04-09 22:08:50,27.09,52.07,BuildingB_Floor2,TypeA
1043,2025-04-07 18:54:13,29.14,62.96,BuildingA_Floor2,TypeA
1096,2025-04-09 18:14:03,33.81,43.98,BuildingB_Floor1,TypeA
1044,2025-04-08 16:15:06,26.14,38.37,BuildingB_Floor1,TypeA
1068,2025-04-10 16:48:18,30.16,55.43,BuildingA_Floor1,TypeB
1038,2025-04-07 14:11:51,23.3,73.86,BuildingB_Floor1,TypeC
1068,2025-04-07 12:31:13,29.86,46.96,BuildingB_Floor1,TypeA
1000,2025-04-09 09:19:55,21.79,53.65,BuildingA_Floor2,TypeA
1096,2025-04-11 16:13:39,21.72,79.25,BuildingA_Floor2,TypeC
1030,2025-04-09 12:57:41,16.79,68.5,BuildingA_Floor2,TypeA
1056,2025-04-10 18:43:32,32.92,68.23,BuildingB_Floor2,TypeC
1000,2025-04-08 02:21:43,22.05,75.58,BuildingA_Floor1,TypeC
1007,2025-04-08 19:22:53,22.9,67.58,BuildingA_Floor1,TypeC
1034,2025-04-08 13:15:11,19.03,55.82,BuildingB_Floor2,TypeC
1083,2025-04-11 20:22:00,33.6,68.48,BuildingA_Floor1,TypeA
1100,2025-04-10 14:43:23,24.43,51.13,BuildingB_Floor1,TypeB
1031,2025-04-08 17:55:25,30.89,54.91,BuildingA_Floor1,TypeB
1086,2025-04-10 15:32:10,27.43,65.97,BuildingA_Floor1,TypeA
1080,2025-04-09 09:57:21,17.85,76.12,BuildingA_Floor1,TypeB
1069,2025-04-11 15:29:10,18.76,79.4,BuildingB_Floor2,TypeB
1090,2025-04-09 23:44:42,28.63,68.42,BuildingA_Floor1,TypeB
1079,2025-04-07 11:54:32,25.62,52.23,BuildingB_Floor1,TypeB
1018,2025-04-11 19:46:19,19.12,52.1,BuildingB_Floor2,TypeB
1034,2025-04-09 10:55:25,33.11,72.77,BuildingB_Floor2,TypeA
1061,2025-04-08 22:49:36,34.14,78.22,BuildingA_Floor1,TypeA
1063,2025-04-07 21:57:43,15.82,77.42,BuildingA_Floor1,TypeB
1094,2025-04-07 02:03:48,16.91,75.77,BuildingA_Floor2,TypeA
1064,2025-04-09 11:14:24,31.48,47.77,BuildingA_Floor1,TypeB
1064,2025-04-11 04:54:40,25.71,31.15,BuildingB_Floor1,TypeC
1076,2025-04-10 15:46:06,29.24,49.7,BuildingB_Floor2,TypeA
1018,2025-04-10 14:58:26,29.79,64.1,BuildingA_Floor2,TypeC
1070,2025-04-08 14:23:31,26.5,48.99,BuildingB_Floor1,TypeB
1065,2025-04-08 06:46:24,34.45,57.22,BuildingA_Floor1,TypeB
1091,2025-04-08 17:16:14,15.76,40.73,BuildingA_Floor2,TypeC
1028,2025-04-11 19:05:22,17.05,51.0,BuildingB_Floor1,TypeA
1002,2025-04-11 11:15:34,31.13,79.38,BuildingA_Floor2,TypeB
1073,2025-04-07 18:37:44,20.9,55.86,BuildingA_Floor2,TypeA
1099,2025-04-08 12:08:04,32.57,34.88,BuildingB_Floor2,TypeB
1070,2025-04-07 03:42:18,29.51,32.19,BuildingB_Floor1,TypeA
1043,2025-04-08 21:01:59,19.06,79.36,BuildingA_Floor1,TypeC
1043,2025-04-10 09:35:15,23.7,70.9,BuildingB_Floor1,TypeB
1065,2025-04-11 18:35:59,27.14,32.6,BuildingA_Floor2,TypeA
1049,2025-04-11 01:06:55,21.91,74.14,BuildingB_Floor2,TypeA
1053,2025-04-07 05:50:21,31.17,33.5,BuildingA_Floor2,TypeA
1051,2025-04-07 09:48:57,23.82,34.58,BuildingA_Floor1,TypeA
1097,2025-04-09 22:21:12,15.99,34.33,BuildingB_Floor2,TypeB
1002,2025-04-07 13:38:54,27.8,62.77,BuildingA_Floor1,TypeA
1072,2025-04-08 10:14:43,21.65,61.48,BuildingB_Floor2,TypeB
1016,2025-04-06 23:23:27,15.4,71.51,BuildingA_Floor1,TypeA
1046,2025-04-07 19:52:23,25.51,61.97,BuildingB_Floor2,TypeA
1049,2025-04-10 03:54:10,26.54,60.69,BuildingA_Floor1,TypeA
1016,2025-04-10 08:26:20,17.69,62.13,BuildingA_Floor1,TypeB
1094,2025-04-08 10:38:27,15.33,42.21,BuildingB_Floor2,TypeA
1065,2025-04-11 10:08:05,27.81,48.83,BuildingB_Floor1,TypeA
1032,2025-04-11 17:06:18,34.53,60.61,BuildingA_Floor2,TypeA
1096,2025-04-10 20:59:51,34.82,79.15,BuildingA_Floor1,TypeC
1012,2025-04-11 18:55:31,31.99,57.98,BuildingB_Floor2,TypeB
1095,2025-04-10 19:15:51,34.29,55.39,BuildingB_Floor1,TypeB
1027,2025-04-09 11:08:07,33.57,75.79,BuildingB_Floor2,TypeA
1046,2025-04-08 13:25:56,18.77,77.66,BuildingA_Floor1,TypeA
1023,2025-04-09 21:21:00,34.54,36.33,BuildingB_Floor2,TypeC
1067,2025-04-09 18:17:18,17.63,55.14,BuildingA_Floor2,TypeB
1002,2025-04-10 16:05:33,25.37,72.46,BuildingA_Floor2,TypeC
1002,2025-04-11 10:52:28,26.31,61.2,BuildingA_Floor1,TypeC
1032,2025-04-08 03:41:30,26.57,59.89,BuildingA_Floor1,TypeB
1066,2025-04-10 14:51:10,22.06,36.7,BuildingB_Floor1,TypeB
1035,2025-04-10 22:48:05,19.77,42.76,BuildingB_Floor1,TypeA
1021,2025-04-10 21:44:35,21.09,69.06,BuildingA_Floor2,TypeA
1068,2025-04-08 09:05:29,22.77,54.14,BuildingA_Floor2,TypeC
1042,2025-04-08 03:18:05,26.43,47.94,BuildingB_Floor1,TypeB
1027,2025-04-10 17:09:15,23.52,49.92,BuildingA_Floor2,TypeC
1036,2025-04-10 12:40:23,28.3,62.64,BuildingB_Floor2,TypeA
1028,2025-04-07 23:15:57,29.68,63.73,BuildingB_Floor1,TypeA
1082,2025-04-07 23:56:54,34.32,78.82,BuildingA_Floor2,TypeA
1008,2025-04-08 17:24:32,28.06,44.06,BuildingB_Floor2,TypeA
1066,2025-04-08 05:14:35,23.59,59.71,BuildingA_Floor1,TypeB
1005,2025-04-07 14:41:25,28.77,42.35,BuildingA_Floor1,TypeB
1031,2025-04-11 10:53:26,33.53,45.37,BuildingB_Floor1,TypeA
1092,2025-04-09 23:01:09,23.57,54.19,BuildingA_Floor2,TypeB
1048,2025-04-10 21:36:12,33.7,48.4,BuildingA_Floor2,TypeC
1000,2025-04-11 01:00:21,22.02,67.58,BuildingA_Floor2,TypeB
1028,2025-04-08 01:55:34,25.48,45.15,BuildingA_Floor2,TypeB
1018,2025-04-07 02:47:37,15.81,47.41,BuildingB_Floor2,TypeA
1026,2025-04-11 14:45:47,20.62,57.51,BuildingB_Floor2,TypeC
1082,2025-04-10 03:45:16,25.22,38.28,BuildingA_Floor1,TypeA
1100,2025-04-07 23:52:09,21.25,66.03,BuildingB_Floor2,TypeC
1037,2025-04-11 15:06:06,34.7,59.08,BuildingB_Floor1,TypeC
1011,2025-04-10 04:47:17,19.7,69.77,BuildingA_Floor1,TypeB
1082,2025-04-07 16:11:03,33.41,32.98,BuildingA_Floor2,TypeB
1009,2025-04-08 12:59:30,22.28,61.81,BuildingA_Floor2,TypeC
1005,2025-04-09 06:05:50,20.47,57.11,BuildingA_Floor2,TypeA
1097,2025-04-10 22:43:17,15.13,36.11,BuildingB_Floor2,TypeB
1100,2025-04-09 19:08:35,24.94,32.86,BuildingB_Floor1,TypeB
1078,2025-04-10 18:28:15,29.71,31.86,BuildingB_Floor2,TypeC
1083,2025-04-11 02:33:04,22.64,41.77,BuildingA_Floor1,TypeC
1096,2025-04-07 03:22:05,26.54,68.2,BuildingB_Floor1,TypeC
1018,2025-04-11 04:34:32,33.7,54.93,BuildingB_Floor2,TypeA
1009,2025-04-08 12:51:22,25.2,79.64,BuildingA_Floor1,TypeA
1093,2025-04-09 22:56:22,20.61,66.35,BuildingA_Floor1,TypeA
1043,2025-04-08 19:40:25,25.4,57.07,BuildingA_Floor1,TypeA
1013,2025-04-10 08:03:44,18.07,30.41,BuildingB_Floor1,TypeB
1032,2025-04-11 13:17:20,18.78,61.74,BuildingA_Floor1,TypeC
1044,2025-04-11 16:49:00,20.98,45.31,BuildingB_Floor2,TypeB
1068,2025-04-11 12:42:28,15.04,66.14,BuildingA_Floor1,TypeC
1077,2025-04-10 06:06:36,22.08,49.26,BuildingB_Floor1,TypeB
1067,2025-04-10 18:12:30,26.82,70.71,BuildingB_Floor2,TypeB
1083,2025-04-08 13:26:52,21.09,47.11,BuildingB_Floor1,TypeB
1006,2025-04-07 00:03:39,16.96,70.88,BuildingB_Floor2,TypeA
1000,2025-04-07 22:09:54,16.55,37.04,BuildingB_Floor1,TypeB
1042,2025-04-07 07:45:54,18.44,73.41,BuildingB_Floor1,TypeC
1089,2025-04-10 01:48:52,21.36,41.06,BuildingA_Floor2,TypeA
1003,2025-04-07 04:32:37,24.46,78.68,BuildingB_Floor2,TypeA
1046,2025-04-08 00:54:59,15.55,46.1,BuildingA_Floor1,TypeC
1021,2025-04-09 07:09:32,29.3,51.96,BuildingA_Floor1,TypeB
1065,2025-04-11 21:57:29,25.14,38.85,BuildingB_Floor1,TypeC
1005,2025-04-11 08:45:05,15.08,43.09,BuildingA_Floor2,TypeB
1003,2025-04-10 00:53:49,17.76,39.78,BuildingB_Floor1,TypeA
1093,2025-04-07 12:24:36,27.4,61.54,BuildingB_Floor1,TypeB
1048,2025-04-07 23:08:11,15.35,44.26,BuildingA_Floor1,TypeA
1098,2025-04-08 18:36:45,23.41,47.46,BuildingB_Floor1,TypeB
1032,2025-04-07 17:38:20,19.86,48.88,BuildingA_Floor2,TypeB
1025,2025-04-07 17:25:49,30.75,47.9,BuildingB_Floor2,TypeB
1052,2025-04-07 02:45:15,31.97,53.25,BuildingB_Floor2,TypeC
1038,2025-04-10 13:58:18,24.94,62.04,BuildingB_Floor1,TypeA
